[
  {
    "id": "profano",
    "nome": "Profano",
    "descricao": "Aquele que caminha pela inércia do mundo. Não escolhe — apenas reage.",
    "cor": "#888888",
    "simbolo": "⚪",
    "lema": "Não escolher já é uma escolha.",
    "caracteristicas": [
      "Apatia moral",
      "Busca conforto",
      "Evita conflito",
      "Seguindo o fluxo"
    ]
  },
  {
    "id": "virtuoso",
    "nome": "Virtuoso",
    "descricao": "Aquele que age com consciência. Escolhe mesmo quando dói.",
    "cor": "#33cc99",
    "simbolo": "🟢",
    "lema": "A virtude começa onde termina o medo.",
    "caracteristicas": [
      "Ações ponderadas",
      "Busca sentido",
      "Aceita o desconforto",
      "Alinha intenções e atos"
    ]
  },
  {
    "id": "anomalia",
    "nome": "Anomalia",
    "descricao": "Quem caminha entre extremos: cai e levanta, testa limites e retorna ao eixo. Não é bom nem mau — tenta ser íntegro.",
    "cor": "#cc3366",
    "simbolo": "🟣",
    "lema": "Cair e levantar também é caminho.",
    "caracteristicas": [
      "Ambivalência consciente",
      "Autoironia (sem cinismo)",
      "Experimenta limites sem perder o eixo",
      "Levanta-se após a queda"
    ]
  }
]
