{
  "nome": "Dia 1 — O Caos e a Pedra",
  "fraseInspiradora": "🕯️ Mesmo na escuridão, há quem encontre um rumo escondido.",
  "descricao": "Um dia sem forma, envolto em trevas. Nada ainda tem nome, mas tudo já pulsa pedindo saída.",
  "blocos": [
    {
      "id": "historia1",
      "tipo": "historia",
      "titulo": "A Casa Silenciosa",
      "descricao": "Você acorda com o barulho de garrafas caindo no quintal. Lá fora ainda é noite. Sua mãe dorme no sofá, a TV brilha em silêncio. O ar parece pesado demais para ser respirado.",
      "opcoes": [
        {
          "texto": "Olhar pela janela",
          "proximo": "npc1_bloco",
          "buildImpact": "virtuoso",
          "dica": "Às vezes, o mundo exterior mostra o que você não quer ver.",
          "efeitoTexto": "brilhar",
          "fraseChave": "transicao"
        },
        {
          "texto": "Voltar a dormir",
          "proximo": "npc1_bloco",
          "buildImpact": "profano",
          "dica": "Fechar os olhos não faz o peso sumir.",
          "efeitoTexto": "esmaecer",
          "fraseChave": "sono"
        },
        {
          "texto": "Andar sem rumo pela casa",
          "proximo": "npc3_bloco",
          "buildImpact": "anomalia",
          "dica": "Caminhar sem rumo é se rebelar contra o roteiro.",
          "efeitoTexto": "tremer",
          "fraseChave": "humor"
        }
      ]
    },
    {
      "id": "npc1_bloco",
      "npc": "npc1",
      "tipo": "historia",
      "titulo": "A Janela",
      "descricao": "A cortina abre. A rua parece segurar a respiração. Um cachorro late para o vazio, como se enxergasse algo que você não vê.",
      "opcoes": [
        {
          "texto": "Ir tomar café frio",
          "proximo": "rotina1",
          "buildImpact": "virtuoso"
        }
      ]
    },
    {
      "id": "npc3_bloco",
      "npc": "npc6",
      "tipo": "historia",
      "titulo": "Desvio Silencioso",
      "descricao": "Você tropeça nos próprios pés, mas não cai. É como se o chão quisesse te avisar que o caminho não é esse.",
      "opcoes": [
        {
          "texto": "Seguir mesmo assim",
          "proximo": "historia2",
          "buildImpact": "anomalia"
        }
      ]
    },
    {
      "id": "rotina1",
      "tipo": "rotina",
      "titulo": "Manhã Fragmentada",
      "descricao": "O café está frio. A cadeira vazia na mesa pesa mais que qualquer presença. A vida te obriga a sair, mesmo quando você só queria sumir.",
      "opcoes": [
        {
          "texto": "Ir pra escola",
          "proximo": "historia2",
          "buildImpact": "virtuoso",
          "dica": "Enfrentar o mundo pode ser a cura.",
          "efeitoTexto": "brilhar",
          "fraseChave": "transicao"
        },
        {
          "texto": "Ficar em casa",
          "proximo": "historia2",
          "buildImpact": "profano",
          "dica": "Esquivar da rotina não apaga o vazio.",
          "efeitoTexto": "esmaecer",
          "fraseChave": "inercia"
        },
        {
          "texto": "Vagar pelas ruas sem destino",
          "proximo": "historia2",
          "buildImpact": "anomalia",
          "dica": "Às vezes se perder é a única forma de existir.",
          "efeitoTexto": "tremer",
          "fraseChave": "humor"
        }
      ]
    },
    {
      "id": "historia2",
      "tipo": "historia",
      "titulo": "O Tapa Invisível",
      "descricao": "Você lembra de uma vez que brincou alto demais. O cinto veio rápido. A marca ficou dias escondida. Hoje você sorri baixo para não acordar fantasmas.",
      "opcoes": [
        {
          "texto": "Seguir o dia como se nada tivesse acontecido",
          "proximo": "evento1",
          "buildImpact": "profano",
          "dica": "Fingir é sobreviver... por um tempo.",
          "efeitoTexto": "esmaecer",
          "fraseChave": "inercia"
        },
        {
          "texto": "Prometer a si mesmo que não repetirá isso",
          "proximo": "evento1",
          "buildImpact": "virtuoso",
          "dica": "Você pode quebrar o ciclo.",
          "efeitoTexto": "brilhar",
          "fraseChave": "transicao"
        },
        {
          "texto": "Guardar o ódio em silêncio",
          "proximo": "evento1",
          "buildImpact": "anomalia",
          "dica": "O silêncio pesado se acumula em pedras.",
          "efeitoTexto": "tremer",
          "fraseChave": "pedra"
        }
      ]
    },
    {
      "id": "evento1",
      "tipo": "evento",
      "titulo": "A Voz da Pedra",
      "descricao": "Na rua, uma pedra negra te chama atenção. Ao tocá-la, você escuta: 'Mesmo no caos, há forma escondida.'",
      "opcoes": [
        {
          "texto": "Guardar a pedra",
          "proximo": "rotina2",
          "buildImpact": "virtuoso",
          "dica": "Guardar pode ser o início de algo novo.",
          "efeitoTexto": "brilhar",
          "fraseChave": "pedra"
        },
        {
          "texto": "Ignorar e seguir",
          "proximo": "rotina2",
          "buildImpact": "profano",
          "dica": "Você não viu nada, certo?",
          "efeitoTexto": "esmaecer",
          "fraseChave": "inercia"
        },
        {
          "texto": "Chutar com raiva",
          "proximo": "rotina2",
          "buildImpact": "anomalia",
          "dica": "Às vezes quebrar também é uma forma de falar.",
          "efeitoTexto": "tremer",
          "fraseChave": "humor"
        }
      ]
    },
    {
      "id": "rotina2",
      "tipo": "rotina",
      "titulo": "Volta pra Casa",
      "descricao": "A noite chega. Você não tem forças para abrir um livro. Sua mãe pergunta se está tudo bem. Você responde: 'Tá sim.' — mas sua voz não convence nem a si mesmo.",
      "opcoes": [
        {
          "texto": "Tentar dormir",
          "proximo": "fim1",
          "buildImpact": "profano",
          "dica": "Fuga ou descanso?",
          "efeitoTexto": "esmaecer",
          "fraseChave": "sono"
        },
        {
          "texto": "Ficar acordado pensando",
          "proximo": "fim1",
          "buildImpact": "virtuoso",
          "dica": "Refletir também é se posicionar.",
          "efeitoTexto": "brilhar",
          "fraseChave": "transicao"
        },
        {
          "texto": "Jogar até o corpo apagar",
          "proximo": "fim1",
          "buildImpact": "anomalia",
          "dica": "O mundo virtual pode ser um esconderijo.",
          "efeitoTexto": "tremer",
          "fraseChave": "humor"
        }
      ]
    },
    {
      "id": "fim1",
      "tipo": "fim",
      "titulo": "Fim do Dia 1",
      "descricao": "🕯️ Você sobreviveu ao vazio inicial. Algo dentro de você quebrou, mas outra coisa começou a nascer. A Pedra te observa."
    }
  ],
  "tooltips": {
    "virtuoso": {
      "texto": "🕊️ Seu espírito se eleva. Você é um farol.",
      "cor": "#6ef2b1",
      "aura": "verde-dourado"
    },
    "profano": {
      "texto": "🔥 Algo em você arde contra si mesmo.",
      "cor": "#f85b5b",
      "aura": "vermelho-escuro"
    },
    "anomalia": {
      "texto": "⚡ Você não se encaixa. E isso muda tudo.",
      "cor": "#a87ef8",
      "aura": "violeta-glitch"
    }
  },
  "frasesFinais": {
    "virtuoso": "Mesmo ferido, você escolhe não ferir.",
    "profano": "Negar o chamado também é uma resposta.",
    "anomalia": "Quem sente demais, às vezes quebra para não ser moldado."
  }
}
