{
  "nome": "Dia 4 — Luminares",
  "fraseInspiradora": "🌞 Cada luz tem sua hora. Até o Sol conhece o instante de se pôr.",
  "descricao": "No quarto dia, surgem os luminares. O Sol para o dia, a Lua para a noite, as estrelas para os rumos. É o dia em que a luz ganha direção. A consciência busca orientação.",
  "tooltips": {
    "virtuoso": {
      "texto": "🕊️ Seu espírito se eleva. Você é um farol.",
      "cor": "#6ef2b1",
      "aura": "verde-dourado"
    },
    "profano": {
      "texto": "🔥 Algo em você arde contra si mesmo.",
      "cor": "#f85b5b",
      "aura": "vermelho-escuro"
    },
    "anomalia": {
      "texto": "⚡ Você não se encaixa. E isso muda tudo.",
      "cor": "#a87ef8",
      "aura": "violeta-glitch"
    }
  },
  "blocos": [
    {
      "id": "historia1",
      "tipo": "rotina",
      "titulo": "Alvorada",
      "descricao": "Você acorda com a luz invadindo o quarto. Ela desenha padrões estranhos na parede. Pela primeira vez em dias, algo te chama para o mundo lá fora.",
      "opcoes": [
        {
          "texto": "Respirar fundo e levantar com propósito",
          "proximo": "historia2",
          "buildImpact": "virtuoso",
          "dica": "A manhã aceita quem a honra.",
          "efeitoTexto": "brilhar",
          "fraseChave": "luz"
        },
        {
          "texto": "Resmungar e puxar o cobertor",
          "proximo": "historia2",
          "buildImpact": "profano",
          "dica": "Fingir que ainda é noite.",
          "efeitoTexto": "esmaecer",
          "fraseChave": "fuga"
        },
        {
          "texto": "Levantar no susto e sair sem pensar",
          "proximo": "historia2",
          "buildImpact": "anomalia",
          "dica": "Nem todo caos vem do escuro.",
          "efeitoTexto": "tremer",
          "fraseChave": "deslocamento"
        }
      ]
    },
    {
      "id": "historia2",
      "tipo": "historia",
      "titulo": "Velho de Luz e Sombra",
      "descricao": "No caminho, um homem velho na calçada te observa. Ele diz: 'A luz revela, mas também queima. Você está pronto pra ser visto?'",
      "npc": "npc5",
      "opcoes": [
        {
          "texto": "Concordar com um aceno respeitoso",
          "proximo": "rotina1",
          "dica": "Há sabedoria no silêncio.",
          "efeitoTexto": "brilhar",
          "fraseChave": "respeito"
        },
        {
          "texto": "Fingir que não ouviu nada",
          "proximo": "rotina1",
          "dica": "Quando o mundo fala, você responde?",
          "efeitoTexto": "esmaecer",
          "fraseChave": "negacao"
        },
        {
          "texto": "Olhar pro celular e atravessar a rua",
          "proximo": "rotina1",
          "dica": "Blindar-se também é uma forma de exposição.",
          "efeitoTexto": "tremer",
          "fraseChave": "desconexao"
        }
      ]
    },
    {
      "id": "rotina1",
      "tipo": "rotina",
      "titulo": "Estrela em Sala",
      "descricao": "Na escola, a professora pergunta: 'Por que as estrelas brilham?'. Alguém responde: 'Porque estão morrendo lentamente.'",
      "opcoes": [
        {
          "texto": "Anotar e pensar nisso depois",
          "proximo": "historia3",
          "dica": "Refletir é dar luz ao pensamento.",
          "efeitoTexto": "brilhar",
          "fraseChave": "cosmos"
        },
        {
          "texto": "Sussurrar: 'Igual eu então...'",
          "proximo": "historia3",
          "dica": "Ironia é luz torta.",
          "efeitoTexto": "esmaecer",
          "fraseChave": "cinismo"
        },
        {
          "texto": "Puxar o capuz e dormir com o olho aberto",
          "proximo": "historia3",
          "dica": "Evitar perguntas é negar estrelas.",
          "efeitoTexto": "tremer",
          "fraseChave": "evasao"
        }
      ]
    },
    {
      "id": "historia3",
      "tipo": "historia",
      "titulo": "Sombra no Refeitório",
      "descricao": "Um colega está isolado no refeitório. Alvo fácil. As risadas sobem como faíscas. Você vê. E é visto.",
      "opcoes": [
        {
          "texto": "Sentar-se ao lado dele em silêncio",
          "proximo": "evento1",
          "buildImpact": "virtuoso",
          "dica": "Estar junto sem palavras já é luz.",
          "efeitoTexto": "brilhar",
          "fraseChave": "presenca"
        },
        {
          "texto": "Soltar uma piada pra desviar o foco",
          "proximo": "evento1",
          "buildImpact": "profano",
          "dica": "Brilhar apagando outro?",
          "efeitoTexto": "esmaecer",
          "fraseChave": "autoengano"
        },
        {
          "texto": "Observar sem reagir",
          "proximo": "evento1",
          "buildImpact": "anomalia",
          "dica": "A sombra cresce onde a luz não age.",
          "efeitoTexto": "tremer",
          "fraseChave": "neutro"
        }
      ]
    },
    {
      "id": "evento1",
      "tipo": "evento",
      "titulo": "Os Três Luminares",
      "descricao": "No fim do dia, a Pedra surge no céu. Ela gira devagar entre Sol, Lua e Estrelas. Uma voz ressoa: 'Qual luz você segue — a que queima, a que acalma ou a que orienta?'",
      "opcoes": [
        {
          "texto": "☀️ O Sol — coragem de se mostrar",
          "proximo": "rotina2",
          "dica": "Ser luz é aceitar o calor.",
          "efeitoTexto": "brilhar",
          "fraseChave": "exposicao"
        },
        {
          "texto": "🌙 A Lua — sensibilidade sem gritos",
          "proximo": "rotina2",
          "dica": "Nem toda luz vem do dia.",
          "efeitoTexto": "esmaecer",
          "fraseChave": "interior"
        },
        {
          "texto": "✨ As Estrelas — direção no silêncio",
          "proximo": "rotina2",
          "dica": "Guiar sem ser visto é nobre.",
          "efeitoTexto": "tremer",
          "fraseChave": "norte"
        }
      ]
    },
    {
      "id": "rotina2",
      "tipo": "rotina",
      "titulo": "Crepúsculo Interior",
      "descricao": "Você escreve no diário à luz fraca do abajur. Percebe que há dias que clareiam por fora, e dias que acendem por dentro.",
      "opcoes": [
        {
          "texto": "Dormir com a janela aberta e alma exposta",
          "proximo": "fim4",
          "buildImpact": "virtuoso",
          "dica": "Quem confia, descansa.",
          "efeitoTexto": "brilhar",
          "fraseChave": "entrega"
        },
        {
          "texto": "Fechar tudo e guardar a pedra sob o travesseiro",
          "proximo": "fim4",
          "buildImpact": "profano",
          "dica": "Guardar-se demais é perder-se dentro.",
          "efeitoTexto": "esmaecer",
          "fraseChave": "defesa"
        },
        {
          "texto": "Ficar olhando pro teto até apagar",
          "proximo": "fim4",
          "buildImpact": "anomalia",
          "dica": "A luz interior às vezes não vem.",
          "efeitoTexto": "tremer",
          "fraseChave": "vazio"
        }
      ]
    },
    {
      "id": "fim4",
      "tipo": "fim",
      "titulo": "Fim do Dia 4",
      "descricao": "🌕 O quarto dia termina. Agora você sabe: cada luz ilumina um tipo de dor — e escolher qual seguir também é um ato de criação.",
      "fraseChave": "luz",
      "pressagio": "Nem toda claridade afasta a sombra.",
      "reflexao": "As escolhas brilham, mas também queimam. Sua marca está no que decidiu seguir."
    }
  ],
  "frasesFinais": {
    "virtuoso": "Mesmo ferido, você escolhe não ferir.",
    "profano": "Negar o chamado também é uma resposta.",
    "anomalia": "Quem sente demais, às vezes se quebra para não ser moldado."
  }
}
