{
  "nome": "Dia 5 — O Instinto que Grita",
  "fraseInspiradora": "🐦 O voo mais alto começa no chão.",
  "descricao": "No quinto dia, a vida se move. Os mares ganham peixes, os céus se enchem de aves. É o dia em que a existência aprende a reagir, não apenas a contemplar. A consciência agora dança entre impulso e escolha.",
  "blocos": [
    {
      "id": "historia1",
      "tipo": "rotina",
      "titulo": "Banho Frio",
      "descricao": "Acordar atrasado já é guerra. O chuveiro despeja água gelada, que fere a pele como lâminas transparentes. O corpo desperta antes do pensamento. Hoje, você é mais instinto que ideia.",
      "opcoes": [
        {
          "texto": "Ficar imóvel, aceitando o frio como rito de força",
          "proximo": "historia2",
          "buildImpact": "virtuoso",
          "dica": "Domar o corpo é o início da alma.",
          "efeitoTexto": "brilhar",
          "fraseChave": "resistir"
        },
        {
          "texto": "Gritar, xingar e escapar da água como fera acuada",
          "proximo": "historia2",
          "buildImpact": "profano",
          "dica": "Impulsos não domados viram gritos.",
          "efeitoTexto": "esmaecer",
          "fraseChave": "fuga"
        },
        {
          "texto": "Rir sozinho, fingindo que nada dói",
          "proximo": "historia2",
          "buildImpact": "anomalia",
          "dica": "O corpo mente às vezes.",
          "efeitoTexto": "tremer",
          "fraseChave": "camuflagem"
        }
      ]
    },
    {
      "id": "historia2",
      "tipo": "historia",
      "titulo": "Impulso",
      "descricao": "Na rua, um cachorro atravessa diante de um carro. O farol não basta: você grita. O motorista freia. O animal escapa. O silêncio da multidão pesa. Olhos o encaram como se fosse um louco. Mas o cachorro respira. E você também.",
      "opcoes": [
        {
          "texto": "Sentir vergonha e abaixar a cabeça",
          "proximo": "rotina1",
          "buildImpact": "anomalia",
          "dica": "A vergonha é o espinho da empatia.",
          "efeitoTexto": "tremer",
          "fraseChave": "pudor"
        },
        {
          "texto": "Seguir andando, ignorando os olhares",
          "proximo": "rotina1",
          "buildImpact": "virtuoso",
          "dica": "Fazer o certo basta.",
          "efeitoTexto": "brilhar",
          "fraseChave": "propósito"
        },
        {
          "texto": "Abrir um sorriso como quem salvou o mundo",
          "proximo": "rotina1",
          "buildImpact": "profano",
          "dica": "Vaidade disfarça intenção.",
          "efeitoTexto": "esmaecer",
          "fraseChave": "ego"
        }
      ]
    },
    {
      "id": "rotina1",
      "tipo": "rotina",
      "titulo": "Pátio Selvagem",
      "descricao": "Na escola, os corredores viram selva. Risos explodem como aves, passos batem como cascos, olhares brilham como presas. O ar é um instinto coletivo. Você sente: ou corre junto, ou desaparece.",
      "opcoes": [
        {
          "texto": "Imitar os sons e se fundir à matilha",
          "proximo": "historia3",
          "buildImpact": "profano",
          "dica": "Animalizar-se é mais fácil que humanizar-se.",
          "efeitoTexto": "esmaecer",
          "fraseChave": "instinto"
        },
        {
          "texto": "Subir num muro e observar como corvo",
          "proximo": "historia3",
          "buildImpact": "anomalia",
          "dica": "O observador também dança no caos.",
          "efeitoTexto": "tremer",
          "fraseChave": "vigia"
        },
        {
          "texto": "Chamar alguém e criar um oásis de diálogo",
          "proximo": "historia3",
          "buildImpact": "virtuoso",
          "dica": "Mesmo na selva, há sabedoria.",
          "efeitoTexto": "brilhar",
          "fraseChave": "refúgio"
        }
      ]
    },
    {
      "id": "historia3",
      "tipo": "historia",
      "titulo": "Asas ou Nado",
      "descricao": "No almoço, alguém pergunta: 'Você prefere voar ou mergulhar?'. Risos, olhares. A escolha é mais que metáfora: é um retrato da alma. O céu exige coragem. As águas exigem entrega.",
      "opcoes": [
        {
          "texto": "Dizer que prefere voar — enxergar o todo",
          "proximo": "evento1",
          "buildImpact": "virtuoso",
          "dica": "Visão ampla é sabedoria em voo.",
          "efeitoTexto": "brilhar",
          "fraseChave": "altitude"
        },
        {
          "texto": "Responder que mergulhar — sentir o fundo",
          "proximo": "evento1",
          "buildImpact": "anomalia",
          "dica": "O fundo esconde verdades.",
          "efeitoTexto": "tremer",
          "fraseChave": "profundidade"
        },
        {
          "texto": "Brincar: 'Ainda não sei nem respirar direito'",
          "proximo": "evento1",
          "buildImpact": "profano",
          "dica": "Adiar a escolha é uma escolha.",
          "efeitoTexto": "esmaecer",
          "fraseChave": "afogamento"
        }
      ]
    },
    {
      "id": "evento1",
      "tipo": "evento",
      "titulo": "A Pedra Grita",
      "descricao": "O vento arranca papéis do chão. Penas caem do nada. A Pedra surge, suspensa entre água e céu, envolta por um rugido silencioso. Ela diz: 'O instinto move, mas também engole. Quem vive sem pausa, voa sem asas, nada sem brânquias. Escolha teu fôlego.'",
      "npc": "npc7",
      "opcoes": [
        {
          "texto": "Agachar e tocar o chão, pedindo raiz",
          "proximo": "rotina2",
          "buildImpact": "virtuoso",
          "dica": "A conexão com o chão revela direção.",
          "efeitoTexto": "brilhar",
          "fraseChave": "raiz"
        },
        {
          "texto": "Fechar os olhos e escutar o próprio coração",
          "proximo": "rotina2",
          "buildImpact": "anomalia",
          "dica": "O corpo revela segredos ao atento.",
          "efeitoTexto": "tremer",
          "fraseChave": "ritmo"
        },
        {
          "texto": "Pular e girar como ave sem ninho",
          "proximo": "rotina2",
          "buildImpact": "profano",
          "dica": "Nem todo voo tem direção.",
          "efeitoTexto": "esmaecer",
          "fraseChave": "euforia"
        }
      ]
    },
    {
      "id": "rotina2",
      "tipo": "rotina",
      "titulo": "Antes do Sono",
      "descricao": "À noite, no quarto escuro, o corpo ainda pulsa. Você entende: o instinto não é inimigo, mas mensageiro. A diferença entre fera e humano está no segundo de silêncio antes da resposta.",
      "opcoes": [
        {
          "texto": "Anotar os impulsos do dia como mapa secreto",
          "proximo": "fim1",
          "buildImpact": "virtuoso",
          "dica": "Refletir é moldar-se.",
          "efeitoTexto": "brilhar",
          "fraseChave": "memória"
        },
        {
          "texto": "Deixar o corpo cair no sono sem luta",
          "proximo": "fim1",
          "buildImpact": "profano",
          "dica": "O cansaço também escolhe por você.",
          "efeitoTexto": "esmaecer",
          "fraseChave": "rendição"
        },
        {
          "texto": "Colocar música e afogar a mente em som",
          "proximo": "fim1",
          "buildImpact": "anomalia",
          "dica": "A fuga sonora esconde vozes reais.",
          "efeitoTexto": "tremer",
          "fraseChave": "anestesia"
        }
      ]
    },
    {
      "id": "fim1",
      "tipo": "fim",
      "titulo": "Fim do Dia 5",
      "descricao": "🐟 O quinto dia termina. Você correu, gritou, reagiu. Descobriu que instinto é chama — mas só consciência transforma faísca em caminho. O corpo é uma flecha. A alma, o alvo."
    }
  ],
  "tooltips": {
    "virtuoso": {
      "texto": "🕊️ Seu espírito se eleva. Você é um farol.",
      "cor": "#6ef2b1",
      "aura": "verde-dourado"
    },
    "profano": {
      "texto": "🔥 Algo em você arde contra si mesmo.",
      "cor": "#f85b5b",
      "aura": "vermelho-escuro"
    },
    "anomalia": {
      "texto": "⚡ Você não se encaixa. E isso muda tudo.",
      "cor": "#a87ef8",
      "aura": "violeta-glitch"
    }
  },
  "frasesFinais": {
    "virtuoso": "Mesmo ferido, você escolhe não ferir.",
    "profano": "Negar o chamado também é um tipo de resposta.",
    "anomalia": "Quem sente demais, às vezes quebra para não ser moldado."
  }
}
