{
  "nome": "Dia 6",
  "fraseInspiradora": "🧠 Do barro ao caos, cada espinha carrega um sopro.",
  "descricao": "No sexto dia, o ser humano surge do pó, mas já sonha em ser CEO da criação. Entre espinhas revoltadas e perguntas existenciais, você acorda dividido entre querer entender o mundo... ou apenas sumir.",
  "blocos": [
    {
      "id": "historia1",
      "tipo": "historia",
      "titulo": "Cara de Barro",
      "descricao": "Você encara o espelho. É sexta. Prova à vista. O cabelo parece uma avalanche mal resolvida. Uma espinha na testa assume papel de oradora da ONU. Ecoa em sua mente: 'E criou o homem à Sua imagem... mas o espelho estava rachado.'",
      "opcoes": [
        {
          "texto": "Disfarçar com boné e filosofia barata",
          "proximo": "rotina1",
          "buildImpact": "profano",
          "dica": "Às vezes, o disfarce revela mais do que esconde.",
          "efeitoTexto": "esmaecer",
          "fraseChave": "vaidade"
        },
        {
          "texto": "Conversar com a espinha como se fosse entidade",
          "proximo": "rotina1",
          "buildImpact": "anomalia",
          "dica": "Dialogar com o caos é também compreendê-lo.",
          "efeitoTexto": "tremer",
          "fraseChave": "eco"
        },
        {
          "texto": "Aceitar o barro como arte divina imperfeita",
          "proximo": "rotina1",
          "buildImpact": "virtuoso",
          "dica": "Aceitar a imperfeição é parte da criação.",
          "efeitoTexto": "brilhar",
          "fraseChave": "imagem"
        }
      ]
    },
    {
      "id": "rotina1",
      "tipo": "rotina",
      "titulo": "Meme Existencial",
      "descricao": "No caminho para a escola, uma pichação grita: 'Eu penso, logo me atraso.' A sentença é um chute conceitual. Você se pergunta se caminha para a aula ou apenas para dentro de um simulador social.",
      "opcoes": [
        {
          "texto": "Parar e filosofar até travar no meio-fio",
          "proximo": "historia2",
          "buildImpact": "anomalia",
          "dica": "Pensar demais às vezes é não se mover.",
          "efeitoTexto": "tremer",
          "fraseChave": "atraso"
        },
        {
          "texto": "Anotar para usar numa redação futurista",
          "proximo": "historia2",
          "buildImpact": "virtuoso",
          "dica": "Transformar confusão em palavra é criar sentido.",
          "efeitoTexto": "brilhar",
          "fraseChave": "simulacro"
        },
        {
          "texto": "Rir sozinho e vestir a máscara da normalidade",
          "proximo": "historia2",
          "buildImpact": "profano",
          "dica": "A normalidade é teatro disfarçado.",
          "efeitoTexto": "esmaecer",
          "fraseChave": "mascara"
        }
      ]
    },
    {
      "id": "historia2",
      "tipo": "historia",
      "titulo": "Sopro e Sufoco",
      "descricao": "Na sala, o professor sentencia: 'O que diferencia o homem dos animais é a linguagem.' Você pensa: 'Mas e os áudios de 5 minutos no WhatsApp?' Ao fundo, um colega solta um mugido de boi possuído. Você se pergunta: será que a alma escapou pelo nariz de alguém?",
      "opcoes": [
        {
          "texto": "Levantar a mão e questionar com classe",
          "proximo": "evento1",
          "buildImpact": "virtuoso",
          "dica": "Questionar com respeito é criar novas pontes.",
          "efeitoTexto": "brilhar",
          "fraseChave": "logos"
        },
        {
          "texto": "Gritar 'Muuuu' e abrir as portas do caos",
          "proximo": "evento1",
          "buildImpact": "anomalia",
          "dica": "O absurdo também revela verdades.",
          "efeitoTexto": "tremer",
          "fraseChave": "zoo"
        },
        {
          "texto": "Anotar no caderno: 'Se Deus me fez assim, paciência.'",
          "proximo": "evento1",
          "buildImpact": "profano",
          "dica": "Resignar é aceitar o bug sem patch.",
          "efeitoTexto": "esmaecer",
          "fraseChave": "bug"
        }
      ]
    },
    {
      "id": "evento1",
      "tipo": "evento",
      "titulo": "A Pedra Humanóide",
      "descricao": "A Pedra aparece com pernas de massinha e óculos de leitura. Declara: 'Você é feito de pó... mas já pede Wi-Fi celestial?' Ela se vira, ajeita os óculos e ironiza: 'Até Eu tive que lidar com versões beta.'",
      "opcoes": [
        {
          "texto": "Responder: 'Quero ser versão 1.0 sem bugs sociais'",
          "proximo": "rotina2",
          "buildImpact": "virtuoso",
          "dica": "Evolução começa ao assumir o código-fonte.",
          "efeitoTexto": "brilhar",
          "fraseChave": "upgrade"
        },
        {
          "texto": "Pedir um upgrade de firmware espiritual",
          "proximo": "rotina2",
          "buildImpact": "anomalia",
          "dica": "Nem todo update é seguro — mas arriscar também é viver.",
          "efeitoTexto": "tremer",
          "fraseChave": "firmware"
        },
        {
          "texto": "Aceitar ser Homo Erraticus e sair correndo",
          "proximo": "rotina2",
          "buildImpact": "profano",
          "dica": "Fugir também é acreditar em algo.",
          "efeitoTexto": "esmaecer",
          "fraseChave": "instinto"
        }
      ]
    },
    {
      "id": "rotina2",
      "tipo": "rotina",
      "titulo": "Criação Inacabada",
      "descricao": "Em casa, sua mãe ordena: 'Tira esse tênis agora!' Você pensa: 'E Deus viu que era bom... até o cheiro do pé subir.' A noite cai. O teto devolve silêncio. Você imagina um mundo onde cada humano nasce com manual de instruções.",
      "opcoes": [
        {
          "texto": "Dormir rezando para não ser reprovado na prova... ou na vida",
          "proximo": "fim6",
          "buildImpact": "profano",
          "dica": "A dúvida existencial começa com boletins.",
          "efeitoTexto": "esmaecer",
          "fraseChave": "reprova"
        },
        {
          "texto": "Escrever um versículo sobre si mesmo",
          "proximo": "fim6",
          "buildImpact": "virtuoso",
          "dica": "Até a Torá começou em branco.",
          "efeitoTexto": "brilhar",
          "fraseChave": "versiculo"
        },
        {
          "texto": "Sonhar com o sétimo dia e fingir descanso também",
          "proximo": "fim6",
          "buildImpact": "anomalia",
          "dica": "Descansar sem descansar é exaustão moderna.",
          "efeitoTexto": "tremer",
          "fraseChave": "shabatfake"
        }
      ]
    },
    {
      "id": "fim6",
      "tipo": "fim",
      "titulo": "Fim do Dia 6",
      "descricao": "🧠 O sexto dia termina. O barro falou. O espelho rachado devolveu perguntas. Você não sabe se foi feito à semelhança divina ou por um estagiário do Gênesis... mas ainda respira. E isso já é milagre demais.",
      "fraseChave": "transicao"
    }
  ],
  "tooltips": {
    "virtuoso": {
      "texto": "🕊️ Seu espírito se eleva. Você é um farol.",
      "cor": "#6ef2b1",
      "aura": "verde-dourado"
    },
    "profano": {
      "texto": "🔥 Algo em você arde contra si mesmo.",
      "cor": "#f85b5b",
      "aura": "vermelho-escuro"
    },
    "anomalia": {
      "texto": "⚡ Você não se encaixa. E isso muda tudo.",
      "cor": "#a87ef8",
      "aura": "violeta-glitch"
    }
  },
  "frasesFinais": {
    "virtuoso": "Você é barro que aprende a moldar outros.",
    "profano": "Você carrega a imagem, mas foge do reflexo.",
    "anomalia": "Você não é falha — é versão instável do sagrado."
  }
}
