{
  "nome": "Dia 9 — A Cidade Invertida",
  "fraseInspiradora": "🌆 O reflexo do mundo nem sempre obedece ao real.",
  "descricao": "Você desperta em uma cidade que parece a mesma… mas algo está fora de lugar. As ruas seguem curvas impossíveis e os prédios parecem se mover quando não são olhados.",
  "blocos": [
    {
      "id": "d9_intro",
      "tipo": "historia",
      "titulo": "Ruas que se Curvam",
      "descricao": "Ao caminhar, você percebe que a rua dobra sobre si mesma. Placas mostram palavras que nunca viu, mas que parecem te reconhecer.",
      "opcoes": [
        { "texto": "Seguir pela rua mesmo assim", "proximo": "d9_porta", "buildImpact": "virtuoso" },
        { "texto": "Tentar quebrar a ilusão com força", "proximo": "d9_porta", "buildImpact": "profano" },
        { "texto": "Observar a rua sem se mover", "proximo": "d9_porta", "buildImpact": "anomalia" }
      ]
    },
    {
      "id": "d9_porta",
      "tipo": "evento",
      "titulo": "A Porta Sem Paredes",
      "descricao": "No centro da rua surge uma porta suspensa no ar. Não há prédio, nem paredes, apenas uma moldura de madeira desgastada, respirando como se fosse viva.",
      "opcoes": [
        { "texto": "Abrir a porta com calma", "proximo": "d9_fim_virtuoso", "buildImpact": "virtuoso" },
        { "texto": "Arrombar a porta à força", "proximo": "d9_fim_profano", "buildImpact": "profano" },
        { "texto": "Esperar a porta se mover sozinha", "proximo": "d9_fim_anomalia", "buildImpact": "anomalia" }
      ]
    },
    {
      "id": "d9_fim_virtuoso",
      "tipo": "fim",
      "titulo": "Passagem Serena",
      "descricao": "🌿 Você abre a porta suavemente. Do outro lado, há apenas luz, que te envolve como se a cidade tivesse sido só um teste.",
      "fraseChave": "cidade-virt"
    },
    {
      "id": "d9_fim_profano",
      "tipo": "fim",
      "titulo": "Violência no Reflexo",
      "descricao": "🔥 A porta se parte em estilhaços e, junto dela, a cidade inteira. Os prédios caem como vidro — e ainda assim você continua de pé, sozinho entre ruínas.",
      "fraseChave": "cidade-prof"
    },
    {
      "id": "d9_fim_anomalia",
      "tipo": "fim",
      "titulo": "Cidade que Respira",
      "descricao": "⚡ A porta se abre sozinha. Dentro dela não há nada, mas a cidade ao redor começa a respirar, como se você fosse apenas um visitante em seu corpo.",
      "fraseChave": "cidade-anom"
    }
  ],
  "tooltips": {
    "virtuoso": { "texto": "🌿 A cidade se curva para acolher sua calma.", "cor": "#6ef2b1", "aura": "verde-luz" },
    "profano": { "texto": "🔥 Nem toda porta deve ser quebrada.", "cor": "#f85b5b", "aura": "vermelho-bruto" },
    "anomalia": { "texto": "⚡ Às vezes é o espaço que escolhe por você.", "cor": "#a87ef8", "aura": "violeta-vivo" }
  },
  "frasesFinais": {
    "virtuoso": "A luz além da porta te aceita.",
    "profano": "A cidade estilhaçada carrega teu peso.",
    "anomalia": "Você foi apenas hóspede da cidade que respira."
  }
}
