{
  "transicao": [
    "Nada muda, exceto você.",
    "O tempo gira, mas a alma espirala.",
    "Você passou por aqui antes... ou não?",
    "Outra página do Livro se vira.",
    "Mudou o cenário, mas e o personagem?"
  ],
  "inercia": [
    "Quem espera, espera.",
    "Você está parado... ou sendo arrastado?",
    "Até a poeira se move mais que isso.",
    "O mundo se mexe. Você não.",
    "O silêncio também é uma escolha."
  ],
  "sono": [
    "Sonhar é ensaiar o impossível.",
    "O corpo dorme. A mente conversa com o invisível.",
    "Fechar os olhos é abrir outra porta.",
    "Descansar não é fugir.",
    "Se acordar diferente, agradeça."
  ],
  "pedra": [
    "A Pedra não fala. É você quem ouve.",
    "Há rachaduras por onde entra a luz.",
    "A Pedra percebe quando você hesita.",
    "Você não escolheu a Pedra. Ela te escolheu.",
    "Cada parte da Pedra é um pedaço teu que resistiu."
  ],
  "humor": [
    "Um dia sem escolhas é como miojo sem água.",
    "Se melhorar, estraga. Se piorar, começa o ciclo.",
    "Já tentou desligar e ligar a vida de novo?",
    "Parabéns! Você não morreu. Por enquanto.",
    "Livre-arbítrio é só a desculpa elegante para a bagunça que você fez."
  ]
}
