{
  "nome": "Dia 2 — A Separação das Águas",
  "fraseInspiradora": "🪞 O mundo é o mesmo. Você começa a distinguir o que é reflexo e o que é fundo.",
  "descricao": "Ainda é o mesmo dia. Mas algo em você deslocou. O cenário parece igual — a alma já não.",
  "blocos": [
    {
      "id": "d2_h0",
      "tipo": "historia",
      "titulo": "O Ruído da Lixeira",
      "descricao": "Ao sair de casa, um homem revirando a lixeira te encara e pergunta: “Perdeu alguma coisa aqui dentro?”.",
      "opcoes": [
        {
          "texto": "Ignorar e seguir",
          "proximo": "d2_r1",
          "buildImpact": "profano",
          "fraseChave": "inercia"
        },
        {
          "texto": "Responder: “Talvez minha infância.”",
          "proximo": "d2_r1",
          "buildImpact": "anomalia",
          "fraseChave": "humor"
        },
        {
          "texto": "Oferecer algo em silêncio",
          "proximo": "d2_r1",
          "buildImpact": "virtuoso",
          "fraseChave": "transicao"
        }
      ]
    },
    {
      "id": "d2_r1",
      "tipo": "rotina",
      "titulo": "Caminho Costurado",
      "descricao": "Você anda devagar, tentando não tropeçar no próprio passado. Cada passo costura quem você foi com quem tenta ser.",
      "opcoes": [
        {
          "texto": "Respirar fundo e andar ainda mais devagar",
          "proximo": "d2_e2",
          "buildImpact": "virtuoso",
          "fraseChave": "transicao"
        },
        {
          "texto": "Acelerar como quem foge de si",
          "proximo": "d2_e2",
          "buildImpact": "profano",
          "fraseChave": "inercia"
        },
        {
          "texto": "Pisar em todas as linhas da calçada de propósito",
          "proximo": "d2_e2",
          "buildImpact": "anomalia",
          "fraseChave": "humor"
        }
      ]
    },
    {
      "id": "d2_e2",
      "tipo": "evento",
      "titulo": "O Grito Mudo",
      "descricao": "Na esquina, uma criança te encara: “Você já gritou por dentro?”. O vento carrega a pergunta como se fosse só tua.",
      "opcoes": [
        {
          "texto": "Responder mentalmente: “Todos os dias.”",
          "proximo": "d2_npc",
          "buildImpact": "anomalia",
          "fraseChave": "pedra"
        },
        {
          "texto": "Dar um sorriso triste e seguir",
          "proximo": "d2_npc",
          "buildImpact": "profano",
          "fraseChave": "inercia"
        },
        {
          "texto": "Agachar e perguntar se ela quer conversar",
          "proximo": "d2_npc",
          "buildImpact": "virtuoso",
          "fraseChave": "transicao"
        }
      ]
    },
    {
      "id": "d2_npc",
      "npc": "npc2",
      "tipo": "historia",
      "titulo": "Eco Silencioso",
      "descricao": "Mãe Zuzu surge como se sempre estivesse ali: “Às vezes, só de escutar, já se muda tudo.”",
      "opcoes": [
        {
          "texto": "Seguir em frente, guardando o conselho",
          "proximo": "d2_e3",
          "buildImpact": "virtuoso",
          "fraseChave": "transicao"
        }
      ]
    },
    {
      "id": "d2_e3",
      "tipo": "evento",
      "titulo": "Água e Vidro",
      "descricao": "No banheiro da escola, a torneira pinga. O espelho embaça. Por um instante, você vê dois rostos: o de ontem e o de agora.",
      "opcoes": [
        {
          "texto": "Lavar o rosto e encarar o reflexo",
          "proximo": "d2_fim",
          "buildImpact": "virtuoso",
          "fraseChave": "transicao"
        },
        {
          "texto": "Passar reto, fingindo não se ver",
          "proximo": "d2_fim",
          "buildImpact": "profano",
          "fraseChave": "inercia"
        },
        {
          "texto": "Rabiscar o vapor com o dedo, abrindo uma fenda",
          "proximo": "d2_fim",
          "buildImpact": "anomalia",
          "fraseChave": "humor"
        }
      ]
    },
    {
      "id": "d2_fim",
      "tipo": "fim",
      "titulo": "Fim do Dia 2",
      "descricao": "🌊 O mundo é o mesmo, mas agora você distingue a água que afoga da água que limpa.",
      "fraseChave": "transicao"
    }
  ],
  "tooltips": {
    "virtuoso": {
      "texto": "🕊️ Seu espírito se eleva. Você é um farol.",
      "cor": "#6ef2b1",
      "aura": "verde-dourado"
    },
    "profano": {
      "texto": "🔥 Algo em você arde contra si mesmo.",
      "cor": "#f85b5b",
      "aura": "vermelho-escuro"
    },
    "anomalia": {
      "texto": "⚡ Você não se encaixa. E isso muda tudo.",
      "cor": "#a87ef8",
      "aura": "violeta-glitch"
    }
  },
  "frasesFinais": {
    "virtuoso": "Mesmo ferido, você escolhe não ferir.",
    "profano": "Negar o chamado também é um tipo de resposta.",
    "anomalia": "Quem sente demais, às vezes quebra para não ser moldado."
  }
}
